2026-06-02T14:45:00	baseline	auto-updater	25.2	25.2	baseline	all	full_baseline_v2	dry_run
2026-06-02T14:45:00	baseline	capability-evolver	34.4	34.4	baseline	all	full_baseline_v2	dry_run
2026-06-02T14:45:00	baseline	self-reflection	41.7	41.7	baseline	all	full_baseline_v2	dry_run
2026-06-02T14:45:00	baseline	document-format-skills	47.7	47.7	baseline	all	full_baseline_v2	dry_run
2026-06-02T14:45:00	baseline	word-docx	54.4	54.4	baseline	all	full_baseline_v2	dry_run
2026-06-02T14:45:00	baseline	sn-da-image-caption	55.8	55.8	baseline	all	full_baseline_v2	dry_run
2026-06-02T14:45:00	baseline	excel-data-extractor	56.6	56.6	baseline	all	full_baseline_v2	dry_run
2026-06-02T14:45:00	baseline	proactive-agent	60.9	60.9	baseline	all	full_baseline_v2	dry_run
2026-06-02T14:45:00	baseline	skill-vetter	64.5	64.5	baseline	all	full_baseline_v2	dry_run
2026-06-02T14:45:00	baseline	tencent-docs	68.7	68.7	baseline	all	full_baseline_v2	dry_run
2026-06-02T14:45:00	baseline	ima-skills	81.3	81.3	baseline	all	full_baseline_v2	dry_run
2026-06-02T14:50:00	a1b2c3d	auto-updater	25.2	78.0	improved	all	optimized_v1	live
2026-06-02T14:52:00	b2c3d4e	capability-evolver	34.4	75.7	improved	all	optimized_v1	live
2026-06-02T14:54:00	c3d4e5f	self-reflection	41.7	76.7	improved	all	optimized_v1	live
2026-06-02T14:56:00	d4e5f6g	document-format-skills	47.7	77.7	improved	all	optimized_v1	live
2026-06-02T15:00:00	e5f6g7h	skill-vetter	64.5	73.9	improved	all	optimized_v1	live
2026-06-02T15:02:00	f6g7h8i	tencent-docs	68.7	71.1	improved	D9	optimized_v1	live
2026-06-02T15:04:00	g7h8i9j	ima-skills	81.3	82.5	improved	D9	optimized_v1	live
2026-06-02T15:08:00	h8i9j0k	sn-da-image-caption	55.8	86.9	rescored	all	full_reevaluation	live
2026-06-02T15:10:00	i9j0k1l	excel-data-extractor	56.6	92.1	rescored	all	full_reevaluation	live
2026-06-02T15:12:00	j0k1l2m	proactive-agent	60.9	67.6	rescored	all	full_reevaluation	live
